<?xml version="1.0" encoding="ISO-8859-1"?>
<DATA>
 <TransformScript>
  <OtherComments>
   <Content>Petite Capitals Garava
This script inserts x-height Small Capitals in the Private Use Area. The scale factor will need adjustment to suit the x-height of your font. The bold effect will need adjustment to suit the weight of the lowercase letters in your font. </Content>
  </OtherComments>
  <GlyphInsertCharacters>
   <Characters>58033, 58036-58038, 58040, 58041, 58063, 58091, 58093, 58097-58123, 58125, 58161, 58191, 58223, 58331, 58339</Characters>
   <OverrideRange>TRUE</OverrideRange>
  </GlyphInsertCharacters>
  <GlyphCompleteComposites>
  </GlyphCompleteComposites>
  <GlyphDecompose>
  </GlyphDecompose>
  <OutlineScale>
   <AroundType>2</AroundType>
   <AroundCorner>0</AroundCorner>
   <AroundXPos>0</AroundXPos>
   <AroundYPos>0</AroundYPos>
   <Horizontal>61.00</Horizontal>
   <Vertical>58.00</Vertical>
   <PreserveBearings>FALSE</PreserveBearings>
  </OutlineScale>
  <EffectsBold>
   <Horizontal>12</Horizontal>
   <Vertical>6</Vertical>
   <PreserveBearings>TRUE</PreserveBearings>
  </EffectsBold>
  <OutlineMove>
   <Horizontal>0</Horizontal>
   <Vertical>6</Vertical>
  </OutlineMove>
  <MetricsLeftSideBearing>
  </MetricsLeftSideBearing>
  <OtherComments>
   <Content>Accented Petite Capitals
The rest of this script then adds composites of these new glyphs to create a wide range of accented small capitals and ligatures like �. 
You will need to align the accents horizontally and edit some glyphs.</Content>
  </OtherComments>
  <GlyphInsertCharacters>
   <Characters>58224-58246, 58248-58255, 58257, 58259, 58261, 58263, 58265, 58267, 58269, 58271, 58273, 58275, 58277, 58279, 58281, 58283, 58285, 58287, 58289, 58291, 58293, 58295, 58297, 58299, 58301, 58303, 58307, 58309, 58311, 58314, 58316, 58318, 58320, 58322, 58324, 58326, 58328, 58333, 58335, 58337, 58341, 58343, 58345, 58347, 58349, 58351, 58353, 58355, 58357, 58359, 58361, 58363, 58365, 58367, 58369, 58371, 58373, 58375, 58378, 58380, 58382, 58501, 58507, 58509, 58511, 58537, 58539, 59693, 59717, 59735, 59737, 59745, 59747, 59749, 59751, 59771, 59773, 59779, 59789, 59809, 59811, 59813, 59923, 59929</Characters>
   <OverrideRange>TRUE</OverrideRange>
  </GlyphInsertCharacters>
  <GlyphCompleteComposites>
  </GlyphCompleteComposites>
 </TransformScript>
</DATA>
